{
    "total_runtime": 31201.879628419876,
    "num_documents": 18,
    "input_load_time": 0,
    "workflows": {
        "create_base_text_units": {
            "overall": 0.533027172088623,
            "0_orderby": 0.004250049591064453,
            "1_zip": 0.003174304962158203,
            "2_aggregate_override": 0.0053272247314453125,
            "3_chunk": 0.46480321884155273,
            "4_select": 0.0038421154022216797,
            "5_unroll": 0.005165576934814453,
            "6_rename": 0.003966808319091797,
            "7_genid": 0.012103080749511719,
            "8_unzip": 0.004805803298950195,
            "9_copy": 0.004226207733154297,
            "10_filter": 0.01893162727355957
        },
        "create_base_extracted_entities": {
            "overall": 5537.620431184769,
            "0_entity_extract": 5536.86919593811,
            "1_merge_graphs": 0.746330976486206
        },
        "create_summarized_entities": {
            "overall": 1043.9726784229279,
            "0_summarize_descriptions": 1043.9671223163605
        },
        "create_base_entity_graph": {
            "overall": 2.755652666091919,
            "0_cluster_graph": 2.742074489593506,
            "1_select": 0.00769495964050293
        },
        "create_final_entities": {
            "overall": 972.8044137954712,
            "0_unpack_graph": 1.3039400577545166,
            "1_rename": 0.008119583129882812,
            "2_select": 0.00872039794921875,
            "3_dedupe": 0.013366222381591797,
            "4_rename": 0.0077779293060302734,
            "5_filter": 0.04885101318359375,
            "6_text_split": 0.03786897659301758,
            "7_drop": 0.008575916290283203,
            "8_merge": 0.4208090305328369,
            "9_text_embed": 970.8821015357971,
            "10_drop": 0.009626150131225586,
            "11_filter": 0.04807853698730469
        },
        "create_final_nodes": {
            "overall": 8.347038269042969,
            "0_layout_graph": 4.456045150756836,
            "1_unpack_graph": 1.7693507671356201,
            "2_unpack_graph": 1.8054490089416504,
            "3_filter": 0.14971303939819336,
            "4_drop": 0.013160228729248047,
            "5_select": 0.011121749877929688,
            "6_rename": 0.010961294174194336,
            "7_join": 0.03751707077026367,
            "8_convert": 0.06929707527160645,
            "9_rename": 0.014497518539428711
        },
        "create_final_communities": {
            "overall": 5.319880485534668,
            "0_unpack_graph": 1.3505680561065674,
            "1_unpack_graph": 1.4327752590179443,
            "2_aggregate_override": 0.028379201889038086,
            "3_join": 0.08558893203735352,
            "4_join": 0.07129168510437012,
            "5_concat": 0.021338462829589844,
            "6_filter": 2.0651674270629883,
            "7_aggregate_override": 0.07702422142028809,
            "8_join": 0.019930362701416016,
            "9_filter": 0.040192604064941406,
            "10_fill": 0.0142364501953125,
            "11_merge": 0.06901907920837402,
            "12_copy": 0.01476907730102539,
            "13_select": 0.01521611213684082
        },
        "join_text_units_to_entity_ids": {
            "overall": 0.08171534538269043,
            "0_select": 0.015721797943115234,
            "1_unroll": 0.020183324813842773,
            "2_aggregate_override": 0.030148029327392578
        },
        "create_final_relationships": {
            "overall": 1.8987340927124023,
            "0_unpack_graph": 1.4197580814361572,
            "1_filter": 0.1680440902709961,
            "2_rename": 0.01761174201965332,
            "3_filter": 0.17861557006835938,
            "4_drop": 0.017508268356323242,
            "5_compute_edge_combined_degree": 0.024466753005981445,
            "6_convert": 0.03641200065612793,
            "7_convert": 0.01998758316040039
        },
        "join_text_units_to_relationship_ids": {
            "overall": 0.11433076858520508,
            "0_select": 0.018759965896606445,
            "1_unroll": 0.02210855484008789,
            "2_aggregate_override": 0.03082871437072754,
            "3_select": 0.024272680282592773
        },
        "create_final_community_reports": {
            "overall": 23621.684598445892,
            "0_prepare_community_reports_nodes": 0.13878822326660156,
            "1_prepare_community_reports_edges": 0.052636146545410156,
            "2_restore_community_hierarchy": 0.06186676025390625,
            "3_prepare_community_reports": 1.6250214576721191,
            "4_create_community_reports": 23619.761699438095,
            "5_window": 0.02283477783203125
        },
        "create_final_text_units": {
            "overall": 0.19821953773498535,
            "0_select": 0.04302382469177246,
            "1_rename": 0.021538257598876953,
            "2_join": 0.03265237808227539,
            "3_join": 0.027610301971435547,
            "4_aggregate_override": 0.02957630157470703,
            "5_select": 0.022108078002929688
        },
        "create_base_documents": {
            "overall": 0.2813291549682617,
            "0_unroll": 0.0258328914642334,
            "1_select": 0.023022890090942383,
            "2_rename": 0.023080825805664062,
            "3_join": 0.028145313262939453,
            "4_aggregate_override": 0.025240421295166016,
            "5_join": 0.028466224670410156,
            "6_rename": 0.02391505241394043,
            "7_convert": 0.08067846298217773
        },
        "create_final_documents": {
            "overall": 0.049726009368896484,
            "0_rename": 0.024750947952270508
        }
    }
}