{
    "total_runtime": 27883.168895959854,
    "num_documents": 14,
    "input_load_time": 0,
    "workflows": {
        "create_base_text_units": {
            "overall": 0.32611560821533203,
            "0_orderby": 0.003099203109741211,
            "1_zip": 0.003190279006958008,
            "2_aggregate_override": 0.005592823028564453,
            "3_chunk": 0.26888084411621094,
            "4_select": 0.004033327102661133,
            "5_unroll": 0.005307197570800781,
            "6_rename": 0.003962278366088867,
            "7_genid": 0.0063323974609375,
            "8_unzip": 0.004788875579833984,
            "9_copy": 0.004215240478515625,
            "10_filter": 0.014217138290405273
        },
        "create_base_extracted_entities": {
            "overall": 2058.1813085079193,
            "0_entity_extract": 2058.015183210373,
            "1_merge_graphs": 0.1611311435699463
        },
        "create_summarized_entities": {
            "overall": 265.160475730896,
            "0_summarize_descriptions": 265.1551311016083
        },
        "create_base_entity_graph": {
            "overall": 0.8518109321594238,
            "0_cluster_graph": 0.8392391204833984,
            "1_select": 0.006530046463012695
        },
        "create_final_entities": {
            "overall": 447.3569917678833,
            "0_unpack_graph": 0.1854403018951416,
            "1_rename": 0.0076923370361328125,
            "2_select": 0.007615327835083008,
            "3_dedupe": 0.008094549179077148,
            "4_rename": 0.007626533508300781,
            "5_filter": 0.02983236312866211,
            "6_text_split": 0.019909381866455078,
            "7_drop": 0.008448600769042969,
            "8_merge": 0.1810307502746582,
            "9_text_embed": 446.85151839256287,
            "10_drop": 0.00958395004272461,
            "11_filter": 0.03325986862182617
        },
        "create_final_nodes": {
            "overall": 2.066709518432617,
            "0_layout_graph": 1.210632562637329,
            "1_unpack_graph": 0.2043595314025879,
            "2_unpack_graph": 0.47934603691101074,
            "3_drop": 0.011090278625488281,
            "4_filter": 0.058487892150878906,
            "5_select": 0.01096653938293457,
            "6_rename": 0.011068105697631836,
            "7_join": 0.02131175994873047,
            "8_convert": 0.03741765022277832,
            "9_rename": 0.01242685317993164
        },
        "create_final_communities": {
            "overall": 1.2876996994018555,
            "0_unpack_graph": 0.19350266456604004,
            "1_unpack_graph": 0.4555697441101074,
            "2_aggregate_override": 0.016468048095703125,
            "3_join": 0.02944326400756836,
            "4_join": 0.02756667137145996,
            "5_concat": 0.014158010482788086,
            "6_filter": 0.3754844665527344,
            "7_aggregate_override": 0.029622554779052734,
            "8_join": 0.019535541534423828,
            "9_filter": 0.03304624557495117,
            "10_fill": 0.01431131362915039,
            "11_merge": 0.03554105758666992,
            "12_copy": 0.014699459075927734,
            "13_select": 0.015164852142333984
        },
        "join_text_units_to_entity_ids": {
            "overall": 0.07038140296936035,
            "0_select": 0.0159451961517334,
            "1_unroll": 0.01801323890686035,
            "2_aggregate_override": 0.021251678466796875
        },
        "create_final_relationships": {
            "overall": 0.4759700298309326,
            "0_unpack_graph": 0.20406818389892578,
            "1_filter": 0.07164430618286133,
            "2_rename": 0.016957759857177734,
            "3_filter": 0.07268261909484863,
            "4_drop": 0.017199993133544922,
            "5_compute_edge_combined_degree": 0.022459983825683594,
            "6_convert": 0.03600621223449707,
            "7_convert": 0.018580913543701172
        },
        "join_text_units_to_relationship_ids": {
            "overall": 0.09974956512451172,
            "0_select": 0.018612384796142578,
            "1_unroll": 0.020654678344726562,
            "2_aggregate_override": 0.023667097091674805,
            "3_select": 0.019123554229736328
        },
        "create_final_community_reports": {
            "overall": 25102.046887159348,
            "0_prepare_community_reports_nodes": 0.04973196983337402,
            "1_prepare_community_reports_edges": 0.032239437103271484,
            "2_restore_community_hierarchy": 0.032582759857177734,
            "3_prepare_community_reports": 0.61472487449646,
            "4_create_community_reports": 25101.275452375412,
            "5_window": 0.022220134735107422
        },
        "create_final_text_units": {
            "overall": 0.163285493850708,
            "0_select": 0.02117919921875,
            "1_rename": 0.021117448806762695,
            "2_join": 0.02704167366027832,
            "3_join": 0.026660919189453125,
            "4_aggregate_override": 0.02411341667175293,
            "5_select": 0.022019624710083008
        },
        "create_base_documents": {
            "overall": 0.27156972885131836,
            "0_unroll": 0.024281740188598633,
            "1_select": 0.022971153259277344,
            "2_rename": 0.0231778621673584,
            "3_join": 0.02807784080505371,
            "4_aggregate_override": 0.025282621383666992,
            "5_join": 0.02863907814025879,
            "6_rename": 0.02385735511779785,
            "7_convert": 0.07271289825439453
        },
        "create_final_documents": {
            "overall": 0.04938983917236328,
            "0_rename": 0.02467513084411621
        }
    }
}