{
    "total_runtime": 5109.744450569153,
    "num_documents": 4,
    "input_load_time": 0,
    "workflows": {
        "create_base_text_units": {
            "overall": 0.3274853229522705,
            "0_orderby": 0.006022453308105469,
            "1_zip": 0.0052297115325927734,
            "2_aggregate_override": 0.005601167678833008,
            "3_chunk": 0.26430392265319824,
            "4_select": 0.004103899002075195,
            "5_unroll": 0.00550079345703125,
            "6_rename": 0.004014015197753906,
            "7_genid": 0.005613803863525391,
            "8_unzip": 0.004835844039916992,
            "9_copy": 0.004268169403076172,
            "10_filter": 0.01546621322631836
        },
        "create_base_extracted_entities": {
            "overall": 639.2203826904297,
            "0_entity_extract": 639.0644209384918,
            "1_merge_graphs": 0.15092039108276367
        },
        "create_summarized_entities": {
            "overall": 146.81852841377258,
            "0_summarize_descriptions": 146.81305313110352
        },
        "create_base_entity_graph": {
            "overall": 0.21855545043945312,
            "0_cluster_graph": 0.20596742630004883,
            "1_select": 0.0065495967864990234
        },
        "create_final_entities": {
            "overall": 101.91898584365845,
            "0_unpack_graph": 0.07165360450744629,
            "1_rename": 0.007173061370849609,
            "2_select": 0.007458209991455078,
            "3_dedupe": 0.00789499282836914,
            "4_rename": 0.007711172103881836,
            "5_filter": 0.022101879119873047,
            "6_text_split": 0.011814117431640625,
            "7_drop": 0.008392333984375,
            "8_merge": 0.05437159538269043,
            "9_text_embed": 101.67833232879639,
            "10_drop": 0.009772777557373047,
            "11_filter": 0.025604963302612305
        },
        "create_final_nodes": {
            "overall": 0.8717186450958252,
            "0_layout_graph": 0.2646145820617676,
            "1_unpack_graph": 0.08109402656555176,
            "2_unpack_graph": 0.3783576488494873,
            "3_drop": 0.010988712310791016,
            "4_filter": 0.03560900688171387,
            "5_select": 0.010980606079101562,
            "6_rename": 0.01101064682006836,
            "7_join": 0.019051551818847656,
            "8_convert": 0.03809523582458496,
            "9_rename": 0.011883735656738281
        },
        "create_final_communities": {
            "overall": 0.6017699241638184,
            "0_unpack_graph": 0.07874727249145508,
            "1_unpack_graph": 0.0761117935180664,
            "2_aggregate_override": 0.015764951705932617,
            "3_join": 0.03509521484375,
            "4_join": 0.022799968719482422,
            "5_concat": 0.013864517211914062,
            "6_filter": 0.19336771965026855,
            "7_aggregate_override": 0.03594660758972168,
            "8_join": 0.01936507225036621,
            "9_filter": 0.03276634216308594,
            "10_fill": 0.014562606811523438,
            "11_merge": 0.020704030990600586,
            "12_copy": 0.014868974685668945,
            "13_select": 0.015259265899658203
        },
        "join_text_units_to_entity_ids": {
            "overall": 0.0687413215637207,
            "0_select": 0.015648603439331055,
            "1_unroll": 0.01745152473449707,
            "2_aggregate_override": 0.02031874656677246
        },
        "create_final_relationships": {
            "overall": 0.3271830081939697,
            "0_unpack_graph": 0.10003447532653809,
            "1_filter": 0.048431396484375,
            "2_rename": 0.0171356201171875,
            "3_filter": 0.05135536193847656,
            "4_drop": 0.017913341522216797,
            "5_compute_edge_combined_degree": 0.021796703338623047,
            "6_convert": 0.03584575653076172,
            "7_convert": 0.01819133758544922
        },
        "join_text_units_to_relationship_ids": {
            "overall": 0.10078978538513184,
            "0_select": 0.019289255142211914,
            "1_unroll": 0.02072596549987793,
            "2_aggregate_override": 0.02291560173034668,
            "3_select": 0.01940298080444336
        },
        "create_final_community_reports": {
            "overall": 4213.583434581757,
            "0_prepare_community_reports_nodes": 0.0350031852722168,
            "1_prepare_community_reports_edges": 0.02525615692138672,
            "2_restore_community_hierarchy": 0.02716684341430664,
            "3_prepare_community_reports": 0.2520608901977539,
            "4_create_community_reports": 4213.202299118042,
            "5_window": 0.021811246871948242
        },
        "create_final_text_units": {
            "overall": 0.16562604904174805,
            "0_select": 0.021710634231567383,
            "1_rename": 0.02151322364807129,
            "2_join": 0.02711629867553711,
            "3_join": 0.027189970016479492,
            "4_aggregate_override": 0.024381637573242188,
            "5_select": 0.02230548858642578
        },
        "create_base_documents": {
            "overall": 0.2731895446777344,
            "0_unroll": 0.024333477020263672,
            "1_select": 0.023098230361938477,
            "2_rename": 0.023369550704956055,
            "3_join": 0.028084754943847656,
            "4_aggregate_override": 0.025247812271118164,
            "5_join": 0.02861952781677246,
            "6_rename": 0.024060487747192383,
            "7_convert": 0.0734703540802002
        },
        "create_final_documents": {
            "overall": 0.055806636810302734,
            "0_rename": 0.030490875244140625
        }
    }
}