{
    "total_runtime": 2.958796977996826,
    "num_documents": 63,
    "input_load_time": 0,
    "workflows": {
        "create_base_documents": {
            "overall": 0.05577993392944336,
            "0_unroll": 0.005235910415649414,
            "1_select": 0.0028879642486572266,
            "2_rename": 0.0030002593994140625,
            "3_join": 0.009150028228759766,
            "4_aggregate_override": 0.006030082702636719,
            "5_join": 0.008277654647827148,
            "6_rename": 0.0038247108459472656,
            "7_convert": 0.015241861343383789
        },
        "create_final_documents": {
            "overall": 0.008575916290283203,
            "0_rename": 0.0045108795166015625
        }
    }
}