{
    "total_runtime": 122905.75148272514,
    "num_documents": 120,
    "input_load_time": 0,
    "workflows": {
        "create_base_text_units": {
            "overall": 1.0630412101745605,
            "0_orderby": 0.0031261444091796875,
            "1_zip": 0.0032896995544433594,
            "2_aggregate_override": 0.00669550895690918,
            "3_chunk": 0.9738099575042725,
            "4_select": 0.003896951675415039,
            "5_unroll": 0.0053141117095947266,
            "6_rename": 0.0039825439453125,
            "7_genid": 0.027434110641479492,
            "8_unzip": 0.0049817562103271484,
            "9_copy": 0.004239559173583984,
            "10_filter": 0.023772001266479492
        },
        "create_base_extracted_entities": {
            "overall": 19353.30471110344,
            "0_entity_extract": 19348.138479471207,
            "1_merge_graphs": 5.161305904388428
        },
        "create_summarized_entities": {
            "overall": 2957.312247991562,
            "0_summarize_descriptions": 2957.307053089142
        },
        "create_base_entity_graph": {
            "overall": 8.643517017364502,
            "0_cluster_graph": 8.630510330200195,
            "1_select": 0.00672149658203125
        },
        "create_final_entities": {
            "overall": 2810.552909374237,
            "0_unpack_graph": 4.232340335845947,
            "1_rename": 0.009357690811157227,
            "2_select": 0.009439468383789062,
            "3_dedupe": 0.011351346969604492,
            "4_rename": 0.007941484451293945,
            "5_filter": 0.0887751579284668,
            "6_text_split": 0.08287930488586426,
            "7_drop": 0.009364128112792969,
            "8_merge": 1.0285933017730713,
            "9_text_embed": 2804.962334871292,
            "10_drop": 0.010529518127441406,
            "11_filter": 0.0929875373840332
        },
        "create_final_nodes": {
            "overall": 24.928003549575806,
            "0_layout_graph": 14.064410209655762,
            "1_unpack_graph": 5.033524751663208,
            "2_unpack_graph": 5.240821123123169,
            "3_drop": 0.01570749282836914,
            "4_filter": 0.4200174808502197,
            "5_select": 0.010987520217895508,
            "6_rename": 0.01130533218383789,
            "7_convert": 0.041626691818237305,
            "8_join": 0.058390140533447266,
            "9_rename": 0.020435571670532227
        },
        "create_final_communities": {
            "overall": 17.71485185623169,
            "0_unpack_graph": 4.263781547546387,
            "1_unpack_graph": 4.71738076210022,
            "2_aggregate_override": 0.025650978088378906,
            "3_join": 0.38085031509399414,
            "4_join": 0.3166358470916748,
            "5_concat": 0.06092476844787598,
            "6_filter": 7.3079893589019775,
            "7_aggregate_override": 0.3707435131072998,
            "8_join": 0.02178955078125,
            "9_filter": 0.06322932243347168,
            "10_fill": 0.014995336532592773,
            "11_merge": 0.11539387702941895,
            "12_copy": 0.017266035079956055,
            "13_select": 0.016074180603027344
        },
        "join_text_units_to_entity_ids": {
            "overall": 0.11957049369812012,
            "0_select": 0.01722860336303711,
            "1_unroll": 0.02542901039123535,
            "2_aggregate_override": 0.06037569046020508
        },
        "create_final_relationships": {
            "overall": 5.987946510314941,
            "0_unpack_graph": 4.749362230300903,
            "1_filter": 0.49361085891723633,
            "2_rename": 0.02184128761291504,
            "3_filter": 0.5886073112487793,
            "4_drop": 0.021826744079589844,
            "5_compute_edge_combined_degree": 0.030977725982666016,
            "6_convert": 0.03934001922607422,
            "7_convert": 0.024710655212402344
        },
        "join_text_units_to_relationship_ids": {
            "overall": 0.14489364624023438,
            "0_select": 0.02003002166748047,
            "1_unroll": 0.027409076690673828,
            "2_aggregate_override": 0.057708740234375,
            "3_select": 0.02010345458984375
        },
        "create_final_community_reports": {
            "overall": 97717.59723210335,
            "0_prepare_community_reports_nodes": 0.3662083148956299,
            "1_prepare_community_reports_edges": 0.13025498390197754,
            "2_restore_community_hierarchy": 0.1370253562927246,
            "3_prepare_community_reports": 3.161344051361084,
            "4_create_community_reports": 97713.73590230942,
            "5_window": 0.038919687271118164
        },
        "create_final_text_units": {
            "overall": 0.2326977252960205,
            "0_select": 0.023453950881958008,
            "1_rename": 0.023909568786621094,
            "2_join": 0.05599164962768555,
            "3_join": 0.05314993858337402,
            "4_aggregate_override": 0.031206846237182617,
            "5_select": 0.02229905128479004
        },
        "create_base_documents": {
            "overall": 0.29933595657348633,
            "0_unroll": 0.02793741226196289,
            "1_select": 0.023114442825317383,
            "2_rename": 0.02322101593017578,
            "3_join": 0.030310392379760742,
            "4_aggregate_override": 0.027965068817138672,
            "5_join": 0.03012251853942871,
            "6_rename": 0.024103641510009766,
            "7_convert": 0.08995962142944336
        },
        "create_final_documents": {
            "overall": 0.04987931251525879,
            "0_rename": 0.025107145309448242
        }
    }
}