{
    "total_runtime": 125283.46519517899,
    "num_documents": 120,
    "input_load_time": 0,
    "workflows": {
        "create_base_text_units": {
            "overall": 0.817157506942749,
            "0_orderby": 0.005707979202270508,
            "1_zip": 0.005854606628417969,
            "2_aggregate_override": 0.006642341613769531,
            "3_chunk": 0.7282102108001709,
            "4_select": 0.0038628578186035156,
            "5_unroll": 0.005284786224365234,
            "6_rename": 0.004033565521240234,
            "7_genid": 0.02070331573486328,
            "8_unzip": 0.005026817321777344,
            "9_copy": 0.004266023635864258,
            "10_filter": 0.025136947631835938
        },
        "create_base_extracted_entities": {
            "overall": 16203.475863456726,
            "0_entity_extract": 16199.959436655045,
            "1_merge_graphs": 3.5114262104034424
        },
        "create_summarized_entities": {
            "overall": 3268.972865819931,
            "0_summarize_descriptions": 3268.967185497284
        },
        "create_base_entity_graph": {
            "overall": 9.254563570022583,
            "0_cluster_graph": 9.240574836730957,
            "1_select": 0.007600069046020508
        },
        "create_final_entities": {
            "overall": 2544.4031298160553,
            "0_unpack_graph": 4.581732988357544,
            "1_rename": 0.012545108795166016,
            "2_select": 0.010748863220214844,
            "3_dedupe": 0.01811504364013672,
            "4_rename": 0.00826120376586914,
            "5_filter": 0.08808445930480957,
            "6_text_split": 0.07645082473754883,
            "7_drop": 0.008840084075927734,
            "8_merge": 0.9657917022705078,
            "9_text_embed": 2538.5168058872223,
            "10_drop": 0.011036157608032227,
            "11_filter": 0.0975651741027832
        },
        "create_final_nodes": {
            "overall": 31.40179467201233,
            "0_layout_graph": 18.047247171401978,
            "1_unpack_graph": 6.290668964385986,
            "2_unpack_graph": 6.384022951126099,
            "3_filter": 0.47754359245300293,
            "4_drop": 0.017273426055908203,
            "5_select": 0.011818885803222656,
            "6_rename": 0.011403083801269531,
            "7_join": 0.07281374931335449,
            "8_convert": 0.052729129791259766,
            "9_rename": 0.025767803192138672
        },
        "create_final_communities": {
            "overall": 23.43340277671814,
            "0_unpack_graph": 5.600674390792847,
            "1_unpack_graph": 6.253775358200073,
            "2_aggregate_override": 0.038040876388549805,
            "3_join": 0.4510207176208496,
            "4_join": 0.49019479751586914,
            "5_concat": 0.07299351692199707,
            "6_filter": 9.986964225769043,
            "7_aggregate_override": 0.2641639709472656,
            "8_join": 0.02171921730041504,
            "9_filter": 0.06653094291687012,
            "10_fill": 0.014588356018066406,
            "11_merge": 0.11874198913574219,
            "12_copy": 0.014754056930541992,
            "13_select": 0.01513361930847168
        },
        "join_text_units_to_entity_ids": {
            "overall": 0.10593914985656738,
            "0_select": 0.016353607177734375,
            "1_unroll": 0.024173974990844727,
            "2_aggregate_override": 0.04943704605102539
        },
        "create_final_relationships": {
            "overall": 6.973367929458618,
            "0_unpack_graph": 5.653717517852783,
            "1_filter": 0.5282440185546875,
            "2_rename": 0.020841360092163086,
            "3_filter": 0.6428227424621582,
            "4_drop": 0.018422603607177734,
            "5_compute_edge_combined_degree": 0.02995753288269043,
            "6_convert": 0.03793144226074219,
            "7_convert": 0.023823976516723633
        },
        "join_text_units_to_relationship_ids": {
            "overall": 0.13081860542297363,
            "0_select": 0.019164085388183594,
            "1_unroll": 0.025823593139648438,
            "2_aggregate_override": 0.04753541946411133,
            "3_select": 0.019429922103881836
        },
        "create_final_community_reports": {
            "overall": 103185.45986223221,
            "0_prepare_community_reports_nodes": 0.3781454563140869,
            "1_prepare_community_reports_edges": 0.12198042869567871,
            "2_restore_community_hierarchy": 0.1391751766204834,
            "3_prepare_community_reports": 3.3576786518096924,
            "4_create_community_reports": 103181.41326451302,
            "5_window": 0.02367377281188965
        },
        "create_final_text_units": {
            "overall": 0.1786494255065918,
            "0_select": 0.022298812866210938,
            "1_rename": 0.02174687385559082,
            "2_join": 0.032209157943725586,
            "3_join": 0.028368473052978516,
            "4_aggregate_override": 0.030162334442138672,
            "5_select": 0.02233266830444336
        },
        "create_base_documents": {
            "overall": 0.2971842288970947,
            "0_unroll": 0.02951812744140625,
            "1_select": 0.023448944091796875,
            "2_rename": 0.023099184036254883,
            "3_join": 0.028383493423461914,
            "4_aggregate_override": 0.026348114013671875,
            "5_join": 0.028635740280151367,
            "6_rename": 0.02397632598876953,
            "7_convert": 0.09105134010314941
        },
        "create_final_documents": {
            "overall": 0.05041861534118652,
            "0_rename": 0.025374412536621094
        }
    }
}